id,firstname,lastname,email
100,Darci,Zeeba,Darci.Zeeba@email.com
101,Hettie,Swanhildas,Hettie.Swanhildas@email.com
102,Antonietta,Cynar,Antonietta.Cynar@email.com
103,Corene,Talia,Corene.Talia@email.com
104,Claudina,Wesle,Claudina.Wesle@email.com
105,Angelique,Jotham,Angelique.Jotham@email.com
106,Calla,Japeth,Calla.Japeth@email.com
107,Gabriellia,Argus,Gabriellia.Argus@email.com
108,Queenie,Ilka,Queenie.Ilka@email.com
109,Aaren,Henrie,Aaren.Henrie@email.com